Region,Year,Month,Temperature_C,Humidity_pct,Rainfall_mm,CO2_ppm,Wind_Speed_kmh,Pressure_hPa,Climate_Risk_Category
Coastal Plains,2015,1,27.35,80.64,80.98,411.74,10.45,1012.05,Normal
Coastal Plains,2015,2,28.97,64.88,167.59,416.94,10.23,1014.38,Normal
Coastal Plains,2015,3,32.04,61.18,179.34,412.6,13.07,1009.39,Normal
Coastal Plains,2015,4,31.67,60.91,204.45,414.61,8.5,1007.94,Heatwave Risk
Coastal Plains,2015,5,32.15,68.53,180.22,416.08,17.5,1008.32,Extreme Weather
Coastal Plains,2015,6,28.08,65.12,162.32,417.82,9.6,1008.48,Normal
Coastal Plains,2015,7,24.52,78.9,134.87,416.36,7.67,1013.7,Normal
Coastal Plains,2015,8,23.21,81.31,107.43,415.56,12.38,1015.2,Normal
Coastal Plains,2015,9,21.32,87.45,38.9,414.2,8.35,1014.55,Normal
Coastal Plains,2015,10,19.5,93.97,42.68,417.42,4.11,1016.0,Normal
Coastal Plains,2015,11,21.1,87.18,82.26,416.98,8.78,1015.08,Normal
Coastal Plains,2015,12,24.54,78.85,64.49,412.17,6.78,1016.49,Normal
Coastal Plains,2016,1,25.27,75.95,132.51,415.96,11.6,1011.01,Normal
Coastal Plains,2016,2,28.39,67.71,126.08,417.95,8.36,1011.04,Normal
Coastal Plains,2016,3,32.1,69.02,185.27,416.48,8.52,1009.3,Heatwave Risk
Coastal Plains,2016,4,29.0,56.32,153.55,414.24,11.4,1006.28,Normal
Coastal Plains,2016,5,30.56,74.14,164.84,418.57,6.73,1008.92,Normal
Coastal Plains,2016,6,27.33,67.97,166.81,412.41,11.52,1011.71,Normal
Coastal Plains,2016,7,24.97,66.32,121.44,415.41,10.81,1013.07,Normal
Coastal Plains,2016,8,25.92,78.56,69.53,417.18,10.77,1019.08,Normal
Coastal Plains,2016,9,22.35,85.8,97.3,413.76,7.76,1013.68,Normal
Coastal Plains,2016,10,19.34,76.74,72.7,416.17,4.85,1013.95,Normal
Coastal Plains,2016,11,21.41,88.69,107.97,424.01,11.45,1013.5,Normal
Coastal Plains,2016,12,19.2,81.61,73.74,415.69,7.86,1014.58,Normal
Coastal Plains,2017,1,25.84,68.79,86.51,417.62,9.81,1018.3,Normal
Coastal Plains,2017,2,29.36,75.9,140.01,415.87,6.62,1008.82,Normal
Coastal Plains,2017,3,35.15,61.41,188.73,416.58,13.26,1010.69,Flood Risk
Coastal Plains,2017,4,31.84,64.76,166.9,419.95,8.41,1005.32,Heatwave Risk
Coastal Plains,2017,5,29.02,67.38,203.54,419.23,9.58,1010.39,Flood Risk
Coastal Plains,2017,6,31.48,71.32,141.78,421.6,11.5,1015.61,Normal
Coastal Plains,2017,7,26.46,67.65,92.64,422.96,16.03,1012.46,Extreme Weather
Coastal Plains,2017,8,22.44,88.77,67.86,416.6,12.25,1013.82,Extreme Weather
Coastal Plains,2017,9,20.92,82.68,74.79,422.35,10.32,1018.4,Normal
Coastal Plains,2017,10,16.44,84.71,43.14,415.79,6.93,1016.0,Normal
Coastal Plains,2017,11,22.58,75.7,68.65,417.62,8.85,1019.47,Flood Risk
Coastal Plains,2017,12,24.09,88.02,86.91,417.09,9.22,1015.73,Normal
Coastal Plains,2018,1,26.33,76.37,170.35,423.55,7.01,1012.14,Normal
Coastal Plains,2018,2,26.53,66.46,156.31,421.87,7.45,1009.04,Normal
Coastal Plains,2018,3,27.5,65.36,150.71,417.53,6.93,1009.25,Normal
Coastal Plains,2018,4,29.0,56.2,222.58,415.64,6.16,1014.51,Normal
Coastal Plains,2018,5,36.59,59.31,164.6,419.71,16.05,1006.58,Extreme Weather
Coastal Plains,2018,6,28.72,74.66,158.7,417.91,9.53,1006.88,Normal
Coastal Plains,2018,7,25.74,73.4,124.64,417.47,11.65,1016.04,Normal
Coastal Plains,2018,8,23.45,82.11,91.06,418.85,7.47,1015.95,Normal
Coastal Plains,2018,9,20.79,96.22,99.51,419.82,7.33,1013.13,Normal
Coastal Plains,2018,10,22.31,86.58,69.6,414.49,13.25,1018.36,Extreme Weather
Coastal Plains,2018,11,18.97,80.83,73.31,418.99,8.98,1016.15,Normal
Coastal Plains,2018,12,22.71,80.92,119.43,412.44,9.17,1015.53,Normal
Coastal Plains,2019,1,23.0,76.97,154.55,416.41,13.02,1012.01,Extreme Weather
Coastal Plains,2019,2,29.05,63.68,143.31,423.5,12.04,1016.2,Normal
Coastal Plains,2019,3,33.48,68.97,206.84,421.34,12.9,1008.65,Flood Risk
Coastal Plains,2019,4,32.28,60.82,199.79,417.3,12.74,1008.43,Flood Risk
Coastal Plains,2019,5,33.47,70.84,208.37,422.07,4.5,1009.34,Normal
Coastal Plains,2019,6,27.05,66.89,180.22,421.84,7.55,1007.96,Flood Risk
Coastal Plains,2019,7,26.22,67.7,106.58,421.03,14.04,1014.83,Extreme Weather
Coastal Plains,2019,8,19.04,81.83,91.44,421.28,15.66,1008.81,Extreme Weather
Coastal Plains,2019,9,19.9,87.21,36.41,423.94,11.29,1019.0,Normal
Coastal Plains,2019,10,19.13,89.88,81.37,420.83,10.82,1017.81,Normal
Coastal Plains,2019,11,19.41,82.78,64.99,421.21,13.5,1013.29,Extreme Weather
Coastal Plains,2019,12,22.94,88.89,75.13,418.19,10.71,1017.53,Extreme Weather
Coastal Plains,2020,1,27.77,80.05,131.08,430.77,9.28,1006.99,Normal
Coastal Plains,2020,2,32.11,67.25,152.16,428.22,4.39,1007.25,Heatwave Risk
Coastal Plains,2020,3,28.54,61.57,180.75,426.26,10.97,1005.3,Flood Risk
Coastal Plains,2020,4,28.07,65.33,170.56,426.09,12.46,1009.41,Extreme Weather
Coastal Plains,2020,5,32.79,67.72,182.56,423.18,9.37,1010.13,Flood Risk
Coastal Plains,2020,6,30.7,67.64,160.42,424.28,9.59,1013.49,Heatwave Risk
Coastal Plains,2020,7,22.64,67.22,90.36,419.11,7.63,1015.25,Heatwave Risk
Coastal Plains,2020,8,22.71,81.19,111.78,428.27,9.76,1019.06,Normal
Coastal Plains,2020,9,21.19,78.64,56.15,421.25,6.89,1015.39,Normal
Coastal Plains,2020,10,21.67,95.32,32.36,425.93,6.36,1018.42,Normal
Coastal Plains,2020,11,20.79,72.67,86.6,423.43,8.13,1013.25,Normal
Coastal Plains,2020,12,22.05,82.57,86.22,425.77,11.27,1018.96,Normal
Coastal Plains,2021,1,28.17,73.01,142.29,425.93,9.54,1014.05,Normal
Coastal Plains,2021,2,32.76,82.46,151.39,425.37,13.77,1008.46,Normal
Coastal Plains,2021,3,32.05,66.18,178.24,422.89,4.44,1003.32,Heatwave Risk
Coastal Plains,2021,4,30.24,62.25,174.14,429.82,13.87,1006.11,Flood Risk
Coastal Plains,2021,5,32.07,63.9,166.27,425.44,12.17,1008.52,Extreme Weather
Coastal Plains,2021,6,31.17,63.15,150.13,431.47,10.78,1015.3,Heatwave Risk
Coastal Plains,2021,7,26.42,78.48,118.86,424.55,7.27,1014.29,Normal
Coastal Plains,2021,8,21.72,83.99,111.71,425.89,9.0,1016.36,Normal
Coastal Plains,2021,9,20.5,89.27,31.41,424.14,3.03,1011.98,Normal
Coastal Plains,2021,10,22.71,90.37,45.61,421.22,0.0,1015.37,Drought Risk
Coastal Plains,2021,11,25.41,86.27,56.85,426.14,4.54,1015.57,Normal
Coastal Plains,2021,12,23.43,79.48,105.82,425.84,12.34,1012.93,Extreme Weather
Coastal Plains,2022,1,24.7,69.67,146.72,428.46,14.91,1011.67,Extreme Weather
Coastal Plains,2022,2,32.06,70.79,155.16,432.85,8.73,1008.18,Normal
Coastal Plains,2022,3,30.83,69.05,140.65,430.53,8.11,1012.98,Normal
Coastal Plains,2022,4,28.13,60.28,146.27,426.87,10.87,1008.46,Normal
Coastal Plains,2022,5,31.18,65.38,176.03,426.42,12.47,1011.52,Flood Risk
Coastal Plains,2022,6,30.14,73.34,155.93,434.03,9.7,1010.08,Heatwave Risk
Coastal Plains,2022,7,25.09,68.81,95.11,426.72,9.75,1014.0,Normal
Coastal Plains,2022,8,23.54,75.41,108.0,430.79,9.44,1013.04,Normal
Coastal Plains,2022,9,22.24,84.79,39.08,428.77,10.92,1013.77,Normal
Coastal Plains,2022,10,20.79,76.27,86.72,432.06,9.12,1018.09,Normal
Coastal Plains,2022,11,16.91,76.72,62.16,426.26,12.5,1022.46,Extreme Weather
Coastal Plains,2022,12,21.33,74.98,94.71,432.97,5.72,1015.75,Normal
Coastal Plains,2023,1,25.71,65.09,94.38,428.34,8.18,1015.44,Normal
Coastal Plains,2023,2,29.91,59.35,160.31,427.96,14.46,1009.12,Extreme Weather
Coastal Plains,2023,3,30.53,69.59,187.22,430.52,4.1,1011.15,Heatwave Risk
Coastal Plains,2023,4,30.61,66.41,151.53,430.52,7.18,1005.15,Normal
Coastal Plains,2023,5,32.96,67.79,159.68,433.03,8.46,1009.63,Normal
Coastal Plains,2023,6,29.96,66.28,159.42,428.07,8.56,1015.09,Normal
Coastal Plains,2023,7,24.6,60.52,152.22,435.77,8.58,1007.19,Normal
Coastal Plains,2023,8,22.92,78.28,86.2,426.62,12.03,1016.57,Drought Risk
Coastal Plains,2023,9,18.59,87.86,109.09,429.83,8.82,1016.04,Normal
Coastal Plains,2023,10,21.58,74.62,63.29,428.42,16.47,1016.48,Extreme Weather
Coastal Plains,2023,11,24.28,77.04,79.78,430.2,6.96,1017.0,Normal
Coastal Plains,2023,12,25.66,78.06,56.16,429.36,6.84,1013.97,Extreme Weather
Coastal Plains,2024,1,23.68,77.89,109.55,421.08,12.75,1013.82,Normal
Coastal Plains,2024,2,28.31,62.1,166.72,428.37,18.34,1012.26,Extreme Weather
Coastal Plains,2024,3,32.49,65.34,188.3,429.06,14.38,1007.97,Heatwave Risk
Coastal Plains,2024,4,31.81,62.13,195.82,431.24,8.39,1007.73,Heatwave Risk
Coastal Plains,2024,5,32.35,64.87,191.0,421.86,7.11,1007.19,Flood Risk
Coastal Plains,2024,6,25.42,64.22,131.7,426.99,13.9,1010.26,Normal
Coastal Plains,2024,7,24.74,74.66,140.98,425.05,6.81,1014.68,Normal
Coastal Plains,2024,8,23.19,83.88,89.73,429.25,6.38,1014.96,Normal
Coastal Plains,2024,9,21.02,76.36,36.77,429.21,8.77,1013.4,Drought Risk
Coastal Plains,2024,10,20.42,91.77,14.39,423.75,6.77,1021.38,Normal
Coastal Plains,2024,11,21.91,88.26,45.24,424.69,11.57,1016.64,Drought Risk
Coastal Plains,2024,12,24.58,78.87,95.56,427.89,12.72,1017.42,Normal
Highland Plateau,2015,1,15.8,62.13,59.59,400.35,8.35,1015.79,Normal
Highland Plateau,2015,2,20.24,53.1,92.57,402.77,8.04,1010.1,Drought Risk
Highland Plateau,2015,3,17.37,58.63,150.34,407.84,4.78,1012.1,Normal
Highland Plateau,2015,4,21.15,47.66,144.99,406.59,10.59,1010.91,Normal
Highland Plateau,2015,5,19.81,35.64,116.31,403.61,3.52,1014.58,Normal
Highland Plateau,2015,6,20.11,58.16,105.1,408.38,8.04,1011.61,Normal
Highland Plateau,2015,7,12.03,57.38,81.21,401.74,7.82,1012.76,Normal
Highland Plateau,2015,8,14.24,65.37,60.23,405.62,8.15,1014.39,Normal
Highland Plateau,2015,9,6.86,62.75,30.44,401.87,9.79,1017.64,Normal
Highland Plateau,2015,10,4.78,64.26,59.91,407.65,11.59,1017.12,Normal
Highland Plateau,2015,11,7.28,57.16,52.25,405.95,12.51,1019.76,Heatwave Risk
Highland Plateau,2015,12,10.76,52.53,53.62,405.54,7.29,1013.27,Normal
Highland Plateau,2016,1,12.92,56.87,71.96,407.14,8.96,1009.58,Normal
Highland Plateau,2016,2,16.18,58.63,76.76,401.23,1.48,1011.09,Normal
Highland Plateau,2016,3,19.3,45.63,138.92,399.84,9.39,1014.22,Normal
Highland Plateau,2016,4,18.02,42.72,104.94,404.29,6.86,1013.28,Normal
Highland Plateau,2016,5,22.55,44.32,152.74,406.62,14.14,1009.26,Extreme Weather
Highland Plateau,2016,6,17.29,52.19,163.58,408.65,5.52,1013.91,Normal
Highland Plateau,2016,7,13.4,52.06,98.17,406.6,8.98,1013.04,Normal
Highland Plateau,2016,8,11.66,62.55,21.26,408.19,4.56,1010.67,Drought Risk
Highland Plateau,2016,9,8.75,64.16,31.49,408.6,3.3,1015.24,Drought Risk
Highland Plateau,2016,10,7.0,64.72,45.58,404.01,10.53,1017.19,Normal
Highland Plateau,2016,11,5.45,51.91,45.11,405.97,7.64,1016.38,Drought Risk
Highland Plateau,2016,12,11.46,65.69,37.78,403.6,4.17,1015.87,Normal
Highland Plateau,2017,1,9.58,44.78,63.34,406.89,6.57,1013.12,Normal
Highland Plateau,2017,2,16.52,56.3,86.48,406.13,9.68,1006.39,Normal
Highland Plateau,2017,3,19.98,46.96,111.69,412.26,5.82,1015.72,Normal
Highland Plateau,2017,4,19.68,37.34,121.4,405.59,5.37,1010.19,Flood Risk
Highland Plateau,2017,5,20.28,42.61,134.39,411.18,13.03,1011.12,Extreme Weather
Highland Plateau,2017,6,19.54,38.72,93.64,406.12,8.42,1009.29,Normal
Highland Plateau,2017,7,13.79,66.29,76.61,409.32,7.19,1013.23,Normal
Highland Plateau,2017,8,11.1,62.69,83.31,412.4,9.08,1016.77,Normal
Highland Plateau,2017,9,6.82,63.13,64.16,410.45,8.74,1019.12,Normal
Highland Plateau,2017,10,8.97,72.2,45.79,407.4,9.18,1008.21,Drought Risk
Highland Plateau,2017,11,9.58,41.77,10.89,409.41,9.67,1012.98,Drought Risk
Highland Plateau,2017,12,9.8,68.22,50.32,413.89,7.99,1016.22,Normal
Highland Plateau,2018,1,12.31,54.34,79.29,407.41,7.1,1010.77,Normal
Highland Plateau,2018,2,18.78,50.21,94.34,410.55,8.78,1012.85,Normal
Highland Plateau,2018,3,17.51,40.09,136.73,409.79,3.04,1010.87,Normal
Highland Plateau,2018,4,20.95,35.82,124.59,412.66,9.31,1010.9,Normal
Highland Plateau,2018,5,16.78,48.33,108.59,409.61,11.05,1013.97,Normal
Highland Plateau,2018,6,20.35,57.89,97.81,411.7,10.68,1011.36,Normal
Highland Plateau,2018,7,14.35,59.94,78.81,408.99,6.55,1014.9,Normal
Highland Plateau,2018,8,11.12,62.04,73.4,409.88,10.65,1016.14,Normal
Highland Plateau,2018,9,6.7,72.31,35.34,406.68,4.34,1013.4,Drought Risk
Highland Plateau,2018,10,8.21,63.36,33.26,412.37,9.19,1017.95,Normal
Highland Plateau,2018,11,9.66,67.36,3.2,409.91,0.37,1016.57,Drought Risk
Highland Plateau,2018,12,11.11,66.27,83.75,411.32,6.25,1016.46,Normal
Highland Plateau,2019,1,15.96,51.65,96.11,414.29,4.66,1015.92,Normal
Highland Plateau,2019,2,18.44,50.61,84.75,410.45,6.12,1012.63,Normal
Highland Plateau,2019,3,17.66,48.96,89.81,412.09,8.38,1016.87,Normal
Highland Plateau,2019,4,17.7,53.83,123.0,413.63,8.41,1010.33,Normal
Highland Plateau,2019,5,19.1,55.06,105.51,415.43,5.74,1009.36,Normal
Highland Plateau,2019,6,15.25,52.73,128.9,412.41,7.31,1007.66,Normal
Highland Plateau,2019,7,13.77,45.44,61.74,413.17,12.62,1021.43,Normal
Highland Plateau,2019,8,10.13,68.61,64.88,412.22,9.51,1015.19,Normal
Highland Plateau,2019,9,9.19,61.21,17.4,408.74,10.29,1015.63,Drought Risk
Highland Plateau,2019,10,7.11,65.05,55.9,413.05,5.7,1020.68,Flood Risk
Highland Plateau,2019,11,11.83,66.63,64.83,415.71,11.96,1018.31,Normal
Highland Plateau,2019,12,12.26,63.12,38.05,414.35,3.25,1012.62,Normal
Highland Plateau,2020,1,16.91,53.37,56.96,411.69,8.36,1013.24,Normal
Highland Plateau,2020,2,19.27,47.83,107.04,409.81,9.58,1011.01,Extreme Weather
Highland Plateau,2020,3,18.08,44.92,110.96,411.61,14.2,1009.24,Extreme Weather
Highland Plateau,2020,4,19.79,32.42,102.12,411.63,5.6,1013.15,Normal
Highland Plateau,2020,5,19.13,54.07,115.88,412.38,7.69,1009.55,Normal
Highland Plateau,2020,6,20.33,36.08,59.97,410.93,8.05,1013.07,Normal
Highland Plateau,2020,7,15.08,52.69,100.38,414.86,8.64,1015.89,Normal
Highland Plateau,2020,8,11.72,56.63,73.96,412.56,8.0,1019.42,Normal
Highland Plateau,2020,9,4.63,55.15,21.62,411.38,7.11,1011.94,Drought Risk
Highland Plateau,2020,10,6.46,59.83,89.15,416.79,6.56,1015.91,Normal
Highland Plateau,2020,11,6.97,52.21,43.02,409.79,7.7,1011.66,Drought Risk
Highland Plateau,2020,12,9.86,60.89,67.32,413.33,3.38,1017.56,Normal
Highland Plateau,2021,1,14.32,46.74,73.68,413.43,10.15,1012.58,Heatwave Risk
Highland Plateau,2021,2,20.1,56.05,94.87,414.39,14.77,1016.88,Extreme Weather
Highland Plateau,2021,3,17.33,40.78,144.34,409.87,3.37,1008.08,Normal
Highland Plateau,2021,4,21.1,44.39,106.99,410.83,5.51,1006.36,Normal
Highland Plateau,2021,5,23.65,48.12,132.38,411.29,7.35,1007.4,Normal
Highland Plateau,2021,6,12.57,41.73,63.79,406.89,3.82,1014.97,Normal
Highland Plateau,2021,7,14.26,62.74,88.22,414.47,4.85,1014.57,Normal
Highland Plateau,2021,8,12.65,56.54,71.19,413.93,6.08,1011.63,Normal
Highland Plateau,2021,9,7.01,64.18,51.9,410.54,8.09,1018.18,Normal
Highland Plateau,2021,10,9.46,74.31,65.54,410.01,13.89,1015.41,Extreme Weather
Highland Plateau,2021,11,11.03,64.07,37.12,408.0,7.4,1011.79,Normal
Highland Plateau,2021,12,13.08,69.1,44.06,413.27,5.46,1013.11,Drought Risk
Highland Plateau,2022,1,17.44,52.11,99.99,415.76,10.79,1011.66,Normal
Highland Plateau,2022,2,17.22,49.31,83.28,417.18,10.28,1012.78,Normal
Highland Plateau,2022,3,22.27,55.04,107.14,416.45,5.82,1009.61,Normal
Highland Plateau,2022,4,19.23,54.72,127.27,414.98,12.18,1002.49,Extreme Weather
Highland Plateau,2022,5,15.88,51.11,115.85,416.15,3.36,1009.47,Normal
Highland Plateau,2022,6,20.91,54.95,103.39,414.42,6.62,1004.61,Normal
Highland Plateau,2022,7,14.77,60.07,48.49,413.87,3.95,1010.1,Drought Risk
Highland Plateau,2022,8,11.4,47.49,72.29,417.4,7.12,1007.56,Normal
Highland Plateau,2022,9,7.32,71.06,0.0,414.65,3.87,1018.88,Normal
Highland Plateau,2022,10,7.09,67.42,51.31,420.11,7.29,1018.13,Normal
Highland Plateau,2022,11,6.44,70.8,30.15,414.12,7.92,1011.78,Drought Risk
Highland Plateau,2022,12,11.72,65.8,65.86,411.55,7.57,1017.23,Normal
Highland Plateau,2023,1,15.93,56.62,88.24,419.87,9.64,1014.97,Normal
Highland Plateau,2023,2,22.23,48.72,84.04,416.29,9.54,1009.42,Normal
Highland Plateau,2023,3,17.69,60.2,121.18,413.39,11.21,1009.21,Normal
Highland Plateau,2023,4,19.89,48.37,94.16,416.1,14.7,1010.4,Normal
Highland Plateau,2023,5,18.87,43.3,106.43,414.58,6.68,1012.28,Normal
Highland Plateau,2023,6,14.23,55.17,92.41,416.16,4.06,1014.99,Flood Risk
Highland Plateau,2023,7,16.59,60.76,49.7,417.29,9.42,1008.18,Drought Risk
Highland Plateau,2023,8,11.31,62.19,71.12,415.66,9.02,1019.42,Normal
Highland Plateau,2023,9,11.36,46.46,39.01,414.81,1.87,1016.75,Drought Risk
Highland Plateau,2023,10,10.6,58.48,46.73,412.93,5.65,1021.43,Drought Risk
Highland Plateau,2023,11,8.18,66.43,7.93,419.88,10.11,1015.92,Drought Risk
Highland Plateau,2023,12,12.39,51.54,83.65,414.41,7.29,1013.53,Normal
Highland Plateau,2024,1,14.8,58.91,79.82,421.18,6.53,1019.69,Normal
Highland Plateau,2024,2,14.52,57.57,127.36,417.76,15.8,1013.99,Extreme Weather
Highland Plateau,2024,3,21.28,46.51,110.3,419.37,9.37,1013.74,Normal
Highland Plateau,2024,4,20.67,39.53,136.49,422.2,10.29,1011.24,Normal
Highland Plateau,2024,5,19.05,40.77,97.28,415.81,8.83,1009.29,Normal
Highland Plateau,2024,6,16.55,32.27,75.05,422.7,5.67,1012.08,Normal
Highland Plateau,2024,7,11.84,63.63,77.12,420.62,16.14,1017.55,Extreme Weather
Highland Plateau,2024,8,10.79,56.44,53.49,421.17,7.63,1013.81,Normal
Highland Plateau,2024,9,11.79,62.97,91.35,420.12,14.25,1017.54,Extreme Weather
Highland Plateau,2024,10,10.07,60.65,22.92,421.04,11.46,1017.12,Drought Risk
Highland Plateau,2024,11,6.83,55.5,16.82,415.47,8.38,1019.84,Normal
Highland Plateau,2024,12,11.32,46.44,56.18,419.49,15.34,1010.63,Extreme Weather
Arid Basin,2015,1,33.81,28.38,17.29,420.82,10.72,1010.57,Drought Risk
Arid Basin,2015,2,37.58,11.76,25.32,420.45,5.84,1010.93,Heatwave Risk
Arid Basin,2015,3,37.08,9.91,14.42,417.24,9.13,1006.09,Drought Risk
Arid Basin,2015,4,40.28,7.91,11.17,418.44,12.64,1009.99,Drought Risk
Arid Basin,2015,5,37.82,19.33,0.0,419.89,14.99,1009.93,Drought Risk
Arid Basin,2015,6,36.12,23.29,36.66,415.01,2.11,1011.63,Heatwave Risk
Arid Basin,2015,7,31.71,32.87,8.7,415.16,3.56,1004.75,Drought Risk
Arid Basin,2015,8,29.58,28.87,2.76,422.7,12.19,1014.49,Drought Risk
Arid Basin,2015,9,23.96,37.36,19.61,420.77,11.44,1012.97,Normal
Arid Basin,2015,10,30.62,29.24,22.48,415.78,4.74,1021.55,Drought Risk
Arid Basin,2015,11,27.33,38.7,13.24,419.74,12.77,1015.75,Drought Risk
Arid Basin,2015,12,26.79,25.18,22.27,420.99,2.52,1012.83,Drought Risk
Arid Basin,2016,1,30.59,21.23,0.43,423.45,10.83,1012.56,Drought Risk
Arid Basin,2016,2,35.36,20.84,2.42,418.66,4.71,1009.1,Drought Risk
Arid Basin,2016,3,36.17,17.31,36.09,417.55,8.09,1008.88,Heatwave Risk
Arid Basin,2016,4,39.68,14.92,0.0,418.37,8.1,1012.09,Drought Risk
Arid Basin,2016,5,34.28,18.41,45.29,421.14,9.93,1007.43,Heatwave Risk
Arid Basin,2016,6,35.85,10.27,0.0,423.88,4.55,1009.63,Drought Risk
Arid Basin,2016,7,30.57,16.54,11.52,419.7,9.32,1014.36,Drought Risk
Arid Basin,2016,8,30.65,31.43,42.81,418.85,7.81,1018.4,Heatwave Risk
Arid Basin,2016,9,30.15,25.13,2.26,424.92,9.78,1017.05,Drought Risk
Arid Basin,2016,10,26.68,32.7,13.26,420.89,7.85,1017.24,Drought Risk
Arid Basin,2016,11,26.65,36.85,66.79,417.08,9.13,1014.18,Normal
Arid Basin,2016,12,31.11,30.28,26.49,424.46,8.67,1018.4,Drought Risk
Arid Basin,2017,1,33.8,31.47,0.0,420.69,8.51,1012.95,Drought Risk
Arid Basin,2017,2,36.64,26.51,0.0,425.2,8.03,1010.39,Drought Risk
Arid Basin,2017,3,35.68,19.36,0.0,424.39,2.78,1009.7,Drought Risk
Arid Basin,2017,4,38.91,22.02,18.93,421.03,6.23,1012.82,Heatwave Risk
Arid Basin,2017,5,39.29,14.03,16.77,418.85,9.36,1004.26,Drought Risk
Arid Basin,2017,6,37.48,20.77,66.49,420.01,7.64,1016.39,Heatwave Risk
Arid Basin,2017,7,35.27,20.82,19.48,422.77,8.99,1010.9,Heatwave Risk
Arid Basin,2017,8,29.97,20.41,13.95,423.89,7.2,1010.15,Drought Risk
Arid Basin,2017,9,29.71,35.85,0.0,422.06,2.75,1013.39,Drought Risk
Arid Basin,2017,10,26.16,42.37,0.0,424.36,6.12,1017.74,Normal
Arid Basin,2017,11,27.68,38.9,0.0,418.83,3.16,1014.87,Drought Risk
Arid Basin,2017,12,27.88,32.46,1.93,428.7,1.92,1015.61,Drought Risk
Arid Basin,2018,1,33.46,11.05,19.74,430.06,6.41,1013.78,Drought Risk
Arid Basin,2018,2,38.05,19.02,7.13,419.61,10.24,1010.66,Drought Risk
Arid Basin,2018,3,36.58,17.1,9.82,423.98,10.12,1005.52,Heatwave Risk
Arid Basin,2018,4,41.09,6.61,9.25,430.11,11.95,1009.29,Heatwave Risk
Arid Basin,2018,5,36.71,13.16,22.96,425.4,7.68,1009.44,Drought Risk
Arid Basin,2018,6,35.82,11.35,8.42,427.59,3.21,1010.43,Heatwave Risk
Arid Basin,2018,7,31.73,25.67,7.23,429.0,9.77,1009.06,Drought Risk
Arid Basin,2018,8,31.41,25.35,0.0,426.09,6.28,1017.68,Drought Risk
Arid Basin,2018,9,26.61,29.95,0.0,423.89,11.85,1018.35,Drought Risk
Arid Basin,2018,10,30.28,48.61,0.0,425.48,3.88,1014.67,Normal
Arid Basin,2018,11,26.87,27.32,0.0,424.94,3.74,1018.99,Drought Risk
Arid Basin,2018,12,28.55,46.86,2.22,425.48,3.47,1020.12,Drought Risk
Arid Basin,2019,1,30.79,26.26,0.0,431.43,10.83,1013.29,Drought Risk
Arid Basin,2019,2,31.83,14.1,32.51,430.8,11.88,1006.22,Drought Risk
Arid Basin,2019,3,38.96,22.43,0.0,427.75,8.96,1008.63,Drought Risk
Arid Basin,2019,4,35.89,13.05,15.95,427.4,6.03,1007.67,Heatwave Risk
Arid Basin,2019,5,38.34,18.99,15.41,426.75,8.32,1003.77,Heatwave Risk
Arid Basin,2019,6,37.08,20.0,19.54,430.17,1.17,1005.08,Heatwave Risk
Arid Basin,2019,7,33.71,24.96,18.4,426.61,10.33,1015.8,Drought Risk
Arid Basin,2019,8,31.09,28.44,0.0,429.69,12.28,1016.93,Drought Risk
Arid Basin,2019,9,26.44,37.7,25.72,431.67,4.93,1015.78,Normal
Arid Basin,2019,10,28.56,35.34,0.0,428.81,10.03,1017.26,Drought Risk
Arid Basin,2019,11,28.42,32.11,38.07,425.52,5.94,1016.5,Normal
Arid Basin,2019,12,31.8,21.02,0.0,422.68,8.11,1011.65,Drought Risk
Arid Basin,2020,1,32.0,26.39,9.01,428.95,9.66,1010.92,Drought Risk
Arid Basin,2020,2,35.85,26.26,26.62,423.77,10.29,1007.75,Heatwave Risk
Arid Basin,2020,3,40.89,22.48,27.29,427.66,7.27,1011.57,Heatwave Risk
Arid Basin,2020,4,38.49,16.41,39.94,425.86,5.84,1005.42,Heatwave Risk
Arid Basin,2020,5,36.43,5.37,36.09,431.79,12.99,1004.66,Heatwave Risk
Arid Basin,2020,6,37.46,28.53,9.61,427.52,0.97,1011.8,Heatwave Risk
Arid Basin,2020,7,31.24,26.2,0.0,428.62,11.59,1010.65,Drought Risk
Arid Basin,2020,8,28.11,17.06,5.92,425.81,2.57,1016.36,Drought Risk
Arid Basin,2020,9,27.15,27.21,0.0,429.94,10.11,1016.07,Drought Risk
Arid Basin,2020,10,28.27,28.03,8.15,427.63,6.36,1018.31,Drought Risk
Arid Basin,2020,11,26.55,36.72,19.54,419.97,12.17,1007.32,Extreme Weather
Arid Basin,2020,12,29.05,36.15,4.9,423.6,4.17,1018.08,Normal
Arid Basin,2021,1,33.28,17.85,3.34,426.92,11.03,1015.2,Drought Risk
Arid Basin,2021,2,33.29,17.58,1.49,432.7,3.27,1015.81,Drought Risk
Arid Basin,2021,3,38.52,9.37,7.95,427.46,3.54,1009.82,Heatwave Risk
Arid Basin,2021,4,37.17,5.0,14.91,424.96,5.37,1006.27,Heatwave Risk
Arid Basin,2021,5,37.01,28.35,22.62,430.08,1.78,1007.57,Drought Risk
Arid Basin,2021,6,36.77,13.85,36.91,426.46,7.0,1009.24,Heatwave Risk
Arid Basin,2021,7,33.68,21.16,9.58,428.88,5.43,1014.46,Drought Risk
Arid Basin,2021,8,30.81,29.47,2.64,431.46,7.17,1014.08,Drought Risk
Arid Basin,2021,9,28.38,43.84,0.0,431.39,1.37,1017.12,Drought Risk
Arid Basin,2021,10,30.22,37.93,10.91,428.07,8.11,1016.24,Heatwave Risk
Arid Basin,2021,11,26.77,31.92,12.47,427.55,5.18,1012.38,Drought Risk
Arid Basin,2021,12,31.09,33.27,15.88,431.88,8.31,1016.18,Drought Risk
Arid Basin,2022,1,32.48,38.28,5.96,430.28,9.52,1013.76,Heatwave Risk
Arid Basin,2022,2,33.9,26.74,16.87,429.16,12.16,1012.88,Drought Risk
Arid Basin,2022,3,36.35,27.0,34.67,431.92,13.57,1010.01,Heatwave Risk
Arid Basin,2022,4,39.38,11.04,34.14,433.13,8.05,1006.63,Heatwave Risk
Arid Basin,2022,5,38.86,15.92,0.0,428.26,9.98,1001.73,Drought Risk
Arid Basin,2022,6,36.8,17.13,44.91,430.71,10.31,1009.81,Heatwave Risk
Arid Basin,2022,7,33.64,29.42,5.75,434.43,4.52,1013.88,Drought Risk
Arid Basin,2022,8,32.09,33.96,49.58,430.03,3.17,1012.02,Heatwave Risk
Arid Basin,2022,9,29.42,36.65,10.55,429.13,10.68,1012.79,Normal
Arid Basin,2022,10,29.52,52.14,14.83,433.4,6.27,1011.57,Normal
Arid Basin,2022,11,27.15,27.1,0.0,436.25,8.96,1017.6,Drought Risk
Arid Basin,2022,12,29.87,28.96,30.54,431.86,9.86,1014.41,Drought Risk
Arid Basin,2023,1,29.69,23.43,16.13,427.08,7.88,1013.16,Drought Risk
Arid Basin,2023,2,32.37,14.51,26.9,431.26,3.96,1011.48,Drought Risk
Arid Basin,2023,3,40.29,21.0,19.59,429.12,5.8,1010.94,Drought Risk
Arid Basin,2023,4,39.6,18.78,25.14,432.34,8.33,1011.35,Heatwave Risk
Arid Basin,2023,5,40.02,11.51,0.0,434.15,8.9,1004.39,Drought Risk
Arid Basin,2023,6,34.97,24.63,13.16,429.01,12.9,1007.86,Heatwave Risk
Arid Basin,2023,7,31.82,26.27,22.81,431.53,11.19,1013.6,Drought Risk
Arid Basin,2023,8,31.13,28.44,12.5,430.56,8.75,1017.32,Drought Risk
Arid Basin,2023,9,29.06,33.93,0.0,430.46,7.9,1017.04,Drought Risk
Arid Basin,2023,10,31.22,31.86,15.95,432.96,8.34,1024.01,Drought Risk
Arid Basin,2023,11,27.38,35.6,0.0,429.41,8.87,1019.0,Drought Risk
Arid Basin,2023,12,30.83,37.55,9.35,429.46,17.46,1016.18,Extreme Weather
Arid Basin,2024,1,31.83,30.62,7.71,431.54,7.78,1015.19,Drought Risk
Arid Basin,2024,2,35.01,13.55,23.24,432.73,9.16,1008.57,Heatwave Risk
Arid Basin,2024,3,39.95,11.88,11.06,428.86,12.55,1011.44,Drought Risk
Arid Basin,2024,4,40.62,22.48,78.75,426.95,5.42,1007.15,Heatwave Risk
Arid Basin,2024,5,37.19,9.87,15.5,428.18,9.17,1009.69,Drought Risk
Arid Basin,2024,6,37.4,23.05,30.81,430.29,15.42,1011.7,Heatwave Risk
Arid Basin,2024,7,30.18,18.99,0.0,431.27,7.57,1011.59,Drought Risk
Arid Basin,2024,8,34.15,33.29,25.77,428.9,4.5,1015.11,Heatwave Risk
Arid Basin,2024,9,28.64,22.52,4.9,431.26,7.25,1014.02,Drought Risk
Arid Basin,2024,10,26.56,33.94,9.32,432.74,11.78,1016.12,Drought Risk
Arid Basin,2024,11,27.51,36.29,20.72,430.14,10.77,1019.4,Drought Risk
Arid Basin,2024,12,32.85,40.67,0.0,431.26,8.04,1014.71,Normal
Tropical Belt,2015,1,29.17,80.39,221.72,416.01,4.15,1013.7,Flood Risk
Tropical Belt,2015,2,32.27,83.48,318.72,418.69,9.7,1007.77,Flood Risk
Tropical Belt,2015,3,31.88,85.84,296.79,415.39,7.86,1009.27,Flood Risk
Tropical Belt,2015,4,33.38,73.17,354.59,415.99,3.12,1011.83,Heatwave Risk
Tropical Belt,2015,5,35.08,72.62,283.62,416.14,7.81,1013.03,Flood Risk
Tropical Belt,2015,6,30.13,79.49,288.5,412.05,11.62,1007.45,Flood Risk
Tropical Belt,2015,7,29.6,86.48,241.69,419.38,0.0,1010.65,Flood Risk
Tropical Belt,2015,8,26.25,88.83,174.55,419.97,10.13,1014.36,Normal
Tropical Belt,2015,9,20.48,90.93,133.06,415.27,10.21,1019.19,Normal
Tropical Belt,2015,10,23.23,76.62,84.44,422.72,6.09,1011.05,Normal
Tropical Belt,2015,11,26.03,93.74,146.84,418.69,9.6,1017.55,Normal
Tropical Belt,2015,12,27.26,100.0,184.42,414.05,9.56,1018.42,Normal
Tropical Belt,2016,1,31.16,90.57,271.45,417.56,6.22,1012.08,Flood Risk
Tropical Belt,2016,2,31.18,74.66,219.75,418.34,9.29,1009.52,Heatwave Risk
Tropical Belt,2016,3,37.74,76.42,341.08,420.08,10.89,1010.37,Flood Risk
Tropical Belt,2016,4,37.52,75.34,339.92,420.35,6.99,1010.21,Heatwave Risk
Tropical Belt,2016,5,38.28,74.72,323.65,422.57,11.99,1009.57,Heatwave Risk
Tropical Belt,2016,6,27.77,83.1,230.61,423.11,8.59,1014.0,Flood Risk
Tropical Belt,2016,7,27.44,75.68,225.22,419.35,6.28,1013.25,Normal
Tropical Belt,2016,8,31.04,95.01,185.99,421.54,13.18,1014.43,Flood Risk
Tropical Belt,2016,9,20.16,92.53,140.97,417.01,7.38,1014.39,Normal
Tropical Belt,2016,10,25.76,99.5,123.03,420.98,7.87,1017.59,Normal
Tropical Belt,2016,11,21.73,80.54,127.74,420.24,12.23,1021.18,Extreme Weather
Tropical Belt,2016,12,28.89,84.01,157.95,420.63,16.86,1019.44,Extreme Weather
Tropical Belt,2017,1,27.49,89.73,197.99,420.65,7.6,1017.78,Flood Risk
Tropical Belt,2017,2,31.44,65.36,285.09,419.5,8.15,1010.74,Flood Risk
Tropical Belt,2017,3,33.78,81.08,284.61,419.95,10.39,1007.69,Flood Risk
Tropical Belt,2017,4,32.18,79.01,352.46,421.13,1.14,1011.12,Normal
Tropical Belt,2017,5,31.29,78.19,297.51,418.34,6.45,1008.99,Heatwave Risk
Tropical Belt,2017,6,30.92,83.53,266.08,423.69,8.98,1008.91,Flood Risk
Tropical Belt,2017,7,27.52,75.12,225.81,420.36,0.0,1011.39,Normal
Tropical Belt,2017,8,24.46,99.45,130.94,417.64,11.88,1019.07,Normal
Tropical Belt,2017,9,22.54,89.87,137.06,415.43,1.49,1015.62,Normal
Tropical Belt,2017,10,25.87,92.39,112.02,424.08,15.37,1015.27,Extreme Weather
Tropical Belt,2017,11,23.85,100.0,94.29,423.81,4.44,1016.77,Drought Risk
Tropical Belt,2017,12,25.64,84.25,145.34,421.94,11.48,1014.61,Normal
Tropical Belt,2018,1,27.45,89.44,236.39,429.36,6.68,1011.63,Flood Risk
Tropical Belt,2018,2,33.58,84.91,264.3,421.85,9.89,1008.52,Flood Risk
Tropical Belt,2018,3,33.65,76.88,335.18,421.34,1.55,1003.79,Normal
Tropical Belt,2018,4,32.93,67.12,326.91,419.88,5.54,1006.68,Normal
Tropical Belt,2018,5,33.6,84.27,328.5,422.89,6.39,1008.24,Flood Risk
Tropical Belt,2018,6,32.79,83.51,256.85,422.94,0.89,1011.64,Flood Risk
Tropical Belt,2018,7,30.57,83.32,256.33,420.65,8.76,1012.89,Flood Risk
Tropical Belt,2018,8,26.02,89.31,167.14,424.97,12.82,1014.99,Normal
Tropical Belt,2018,9,25.47,89.45,140.06,420.95,11.82,1023.1,Normal
Tropical Belt,2018,10,22.98,81.84,99.04,425.93,9.94,1017.75,Normal
Tropical Belt,2018,11,25.82,96.57,149.09,425.15,13.33,1017.54,Normal
Tropical Belt,2018,12,27.83,88.16,152.97,427.12,8.76,1017.41,Normal
Tropical Belt,2019,1,29.14,93.62,231.1,420.31,7.25,1018.35,Flood Risk
Tropical Belt,2019,2,31.74,69.2,312.86,426.29,7.75,1009.89,Normal
Tropical Belt,2019,3,36.27,73.09,338.23,425.94,8.86,1009.97,Flood Risk
Tropical Belt,2019,4,34.81,81.27,312.69,420.53,10.15,1010.89,Flood Risk
Tropical Belt,2019,5,35.18,78.79,308.85,426.55,7.84,1008.07,Heatwave Risk
Tropical Belt,2019,6,31.56,92.12,240.3,425.83,2.12,1010.68,Flood Risk
Tropical Belt,2019,7,28.34,72.49,227.78,423.63,0.65,1015.52,Flood Risk
Tropical Belt,2019,8,28.71,98.94,172.18,424.7,12.65,1020.05,Normal
Tropical Belt,2019,9,25.97,88.01,128.76,425.68,1.67,1017.87,Normal
Tropical Belt,2019,10,27.21,98.84,139.47,425.04,7.74,1018.14,Normal
Tropical Belt,2019,11,22.46,87.88,150.06,428.02,4.53,1019.37,Normal
Tropical Belt,2019,12,25.97,92.04,174.2,427.07,8.29,1019.23,Normal
Tropical Belt,2020,1,27.81,97.95,229.4,428.44,2.37,1010.53,Flood Risk
Tropical Belt,2020,2,34.54,81.72,236.72,429.25,6.1,1015.23,Flood Risk
Tropical Belt,2020,3,34.35,77.57,338.84,424.41,4.53,1008.95,Heatwave Risk
Tropical Belt,2020,4,36.8,67.01,296.64,428.72,5.89,1007.82,Flood Risk
Tropical Belt,2020,5,31.16,72.27,315.11,428.98,5.3,1014.51,Heatwave Risk
Tropical Belt,2020,6,31.08,75.9,305.75,427.19,6.07,1010.53,Heatwave Risk
Tropical Belt,2020,7,31.75,93.8,203.66,426.55,8.32,1010.04,Flood Risk
Tropical Belt,2020,8,26.21,90.03,187.8,429.68,6.85,1014.36,Flood Risk
Tropical Belt,2020,9,25.31,90.15,136.51,426.44,4.61,1013.59,Normal
Tropical Belt,2020,10,25.91,94.06,142.81,425.37,9.02,1024.18,Normal
Tropical Belt,2020,11,22.21,82.27,150.47,424.59,7.93,1014.71,Normal
Tropical Belt,2020,12,26.79,84.3,161.4,427.78,4.47,1012.9,Normal
Tropical Belt,2021,1,28.46,85.71,212.01,428.08,7.93,1011.03,Flood Risk
Tropical Belt,2021,2,33.46,88.62,265.71,429.97,7.16,1012.1,Flood Risk
Tropical Belt,2021,3,37.23,79.39,279.79,429.89,12.32,1008.87,Normal
Tropical Belt,2021,4,37.01,70.86,300.29,429.11,1.85,1008.28,Heatwave Risk
Tropical Belt,2021,5,36.73,64.88,289.67,426.18,7.78,1008.44,Normal
Tropical Belt,2021,6,34.74,85.73,284.91,429.12,9.38,1008.41,Flood Risk
Tropical Belt,2021,7,30.76,78.33,236.71,431.72,8.74,1012.47,Flood Risk
Tropical Belt,2021,8,26.94,72.83,171.05,428.47,7.82,1017.12,Flood Risk
Tropical Belt,2021,9,23.89,86.82,121.91,428.92,8.4,1016.95,Normal
Tropical Belt,2021,10,25.09,88.48,113.51,431.98,1.93,1017.54,Normal
Tropical Belt,2021,11,22.97,91.44,106.64,428.33,14.44,1012.67,Extreme Weather
Tropical Belt,2021,12,24.12,82.19,199.55,427.6,7.91,1013.79,Flood Risk
Tropical Belt,2022,1,33.83,93.35,202.94,432.33,5.09,1007.67,Flood Risk
Tropical Belt,2022,2,34.24,86.96,295.92,429.54,7.42,1013.25,Flood Risk
Tropical Belt,2022,3,35.3,73.98,282.88,431.0,11.78,1005.94,Flood Risk
Tropical Belt,2022,4,36.55,76.99,345.0,432.89,5.57,1004.15,Heatwave Risk
Tropical Belt,2022,5,33.64,81.67,304.42,428.98,1.63,1014.79,Flood Risk
Tropical Belt,2022,6,33.89,84.62,294.35,432.16,7.14,1010.51,Flood Risk
Tropical Belt,2022,7,28.63,100.0,231.12,429.55,9.63,1009.97,Flood Risk
Tropical Belt,2022,8,29.11,86.03,175.02,433.38,9.35,1015.28,Normal
Tropical Belt,2022,9,24.22,93.32,113.2,429.59,13.18,1016.14,Normal
Tropical Belt,2022,10,21.99,91.9,132.01,432.4,9.96,1016.23,Normal
Tropical Belt,2022,11,25.24,89.8,119.54,433.14,11.06,1013.52,Normal
Tropical Belt,2022,12,24.86,90.65,199.52,425.93,8.97,1010.87,Flood Risk
Tropical Belt,2023,1,28.55,81.8,220.14,428.02,2.88,1015.34,Flood Risk
Tropical Belt,2023,2,33.66,85.06,244.19,430.1,10.37,1007.91,Flood Risk
Tropical Belt,2023,3,34.52,75.64,352.11,434.17,2.17,1017.02,Normal
Tropical Belt,2023,4,33.66,80.88,349.41,426.87,9.73,1008.68,Flood Risk
Tropical Belt,2023,5,35.5,77.72,339.19,429.55,7.41,1012.82,Flood Risk
Tropical Belt,2023,6,33.35,84.39,261.71,426.74,6.01,1009.14,Flood Risk
Tropical Belt,2023,7,30.72,90.86,216.9,432.93,12.79,1013.73,Flood Risk
Tropical Belt,2023,8,24.83,99.45,163.78,429.67,6.81,1012.33,Normal
Tropical Belt,2023,9,21.47,97.46,109.07,437.01,4.2,1012.69,Normal
Tropical Belt,2023,10,24.23,100.0,111.29,430.79,1.55,1014.97,Normal
Tropical Belt,2023,11,22.18,82.29,127.08,423.75,3.37,1014.85,Normal
Tropical Belt,2023,12,24.81,92.38,171.11,431.59,10.63,1018.42,Flood Risk
Tropical Belt,2024,1,30.51,85.85,212.06,429.07,5.14,1014.26,Heatwave Risk
Tropical Belt,2024,2,32.42,76.02,261.76,426.88,11.43,1011.24,Normal
Tropical Belt,2024,3,33.23,81.19,304.05,426.39,11.57,1007.92,Flood Risk
Tropical Belt,2024,4,34.85,75.25,352.85,429.96,3.8,1010.63,Heatwave Risk
Tropical Belt,2024,5,33.91,87.67,315.24,424.32,9.25,1015.37,Flood Risk
Tropical Belt,2024,6,35.42,90.99,254.6,432.19,5.47,1011.67,Flood Risk
Tropical Belt,2024,7,27.29,81.13,206.48,432.15,10.8,1013.83,Normal
Tropical Belt,2024,8,24.15,88.13,150.08,432.08,12.12,1018.17,Extreme Weather
Tropical Belt,2024,9,23.03,77.22,89.4,433.46,6.6,1014.21,Normal
Tropical Belt,2024,10,26.54,100.0,110.49,429.17,7.54,1017.68,Normal
Tropical Belt,2024,11,27.27,96.2,139.26,432.83,3.91,1018.73,Normal
Tropical Belt,2024,12,26.05,74.9,122.44,427.36,9.86,1015.34,Normal
Temperate Valley,2015,1,15.72,59.84,101.09,408.16,8.1,1008.2,Normal
Temperate Valley,2015,2,23.54,50.91,159.38,409.92,11.6,1010.84,Normal
Temperate Valley,2015,3,23.14,47.84,138.52,410.79,5.26,1009.16,Flood Risk
Temperate Valley,2015,4,22.9,63.8,140.71,413.86,7.32,1009.78,Extreme Weather
Temperate Valley,2015,5,20.82,48.66,140.35,413.97,8.78,1013.69,Normal
Temperate Valley,2015,6,22.15,64.76,117.57,415.98,6.3,1008.7,Normal
Temperate Valley,2015,7,15.82,73.99,111.39,409.16,12.37,1015.06,Extreme Weather
Temperate Valley,2015,8,18.54,55.71,65.94,408.84,1.09,1018.18,Normal
Temperate Valley,2015,9,12.32,73.1,101.06,409.12,6.53,1016.82,Normal
Temperate Valley,2015,10,13.78,66.6,34.88,412.64,9.33,1010.87,Drought Risk
Temperate Valley,2015,11,10.6,77.67,61.9,408.09,7.4,1016.5,Normal
Temperate Valley,2015,12,16.32,56.85,54.43,410.68,7.65,1016.72,Normal
Temperate Valley,2016,1,20.01,62.92,97.78,411.48,5.08,1012.78,Normal
Temperate Valley,2016,2,23.31,54.29,100.95,410.49,8.7,1009.88,Normal
Temperate Valley,2016,3,24.11,54.48,153.92,415.28,11.49,1006.73,Normal
Temperate Valley,2016,4,22.42,49.55,133.48,408.87,6.45,1007.58,Normal
Temperate Valley,2016,5,22.03,49.45,159.71,412.22,16.65,1010.05,Extreme Weather
Temperate Valley,2016,6,20.52,55.02,123.88,412.81,15.27,1008.46,Normal
Temperate Valley,2016,7,19.59,61.25,63.58,413.64,12.44,1010.43,Extreme Weather
Temperate Valley,2016,8,15.03,54.65,46.07,414.34,6.37,1011.67,Normal
Temperate Valley,2016,9,13.26,65.53,44.45,413.57,3.93,1013.75,Normal
Temperate Valley,2016,10,12.32,75.82,72.26,410.05,11.28,1014.65,Normal
Temperate Valley,2016,11,16.13,61.86,80.43,410.08,15.05,1018.24,Normal
Temperate Valley,2016,12,13.21,61.87,86.87,414.35,7.75,1015.13,Normal
Temperate Valley,2017,1,15.81,55.12,99.7,415.85,13.66,1015.34,Extreme Weather
Temperate Valley,2017,2,21.65,59.49,105.41,412.43,5.12,1007.25,Normal
Temperate Valley,2017,3,23.93,52.45,149.89,414.18,8.85,1011.21,Normal
Temperate Valley,2017,4,24.06,52.48,127.98,413.74,10.34,1006.99,Normal
Temperate Valley,2017,5,23.42,47.6,125.61,410.0,12.43,1012.73,Normal
Temperate Valley,2017,6,22.1,66.83,114.97,420.39,7.2,1011.77,Normal
Temperate Valley,2017,7,17.42,62.23,111.71,412.53,14.22,1013.72,Extreme Weather
Temperate Valley,2017,8,15.62,59.55,79.62,412.48,5.87,1012.67,Normal
Temperate Valley,2017,9,17.75,67.08,24.72,411.07,7.82,1018.1,Normal
Temperate Valley,2017,10,13.13,74.06,34.6,413.66,4.93,1015.14,Drought Risk
Temperate Valley,2017,11,11.29,61.53,75.15,414.53,11.42,1016.58,Normal
Temperate Valley,2017,12,16.53,54.43,88.51,413.25,10.19,1016.14,Normal
Temperate Valley,2018,1,16.9,63.39,108.8,410.42,4.57,1010.83,Normal
Temperate Valley,2018,2,20.54,46.83,90.31,411.79,8.3,1007.46,Normal
Temperate Valley,2018,3,23.17,57.69,110.1,413.33,11.59,1008.28,Normal
Temperate Valley,2018,4,23.15,56.98,136.38,416.6,9.5,1007.97,Normal
Temperate Valley,2018,5,24.25,53.26,156.55,412.47,8.14,1009.35,Normal
Temperate Valley,2018,6,22.45,48.85,139.09,415.01,3.39,1014.62,Normal
Temperate Valley,2018,7,22.21,66.01,123.54,414.06,2.18,1007.47,Normal
Temperate Valley,2018,8,15.65,61.45,52.96,413.69,10.15,1010.64,Normal
Temperate Valley,2018,9,12.18,77.72,32.36,416.02,6.3,1018.1,Normal
Temperate Valley,2018,10,14.16,74.45,65.68,410.96,11.9,1014.44,Normal
Temperate Valley,2018,11,13.46,70.21,63.57,414.69,5.05,1012.41,Normal
Temperate Valley,2018,12,16.76,66.12,94.24,413.73,3.08,1017.9,Normal
Temperate Valley,2019,1,17.0,69.87,77.47,414.04,8.38,1009.72,Normal
Temperate Valley,2019,2,21.76,64.67,108.94,415.87,0.0,1010.88,Normal
Temperate Valley,2019,3,22.8,46.43,157.77,414.07,7.38,1008.4,Normal
Temperate Valley,2019,4,20.71,43.21,161.72,409.61,5.32,1007.8,Normal
Temperate Valley,2019,5,26.5,55.95,124.99,418.15,5.41,1012.56,Normal
Temperate Valley,2019,6,18.72,61.44,110.63,412.31,7.24,1011.83,Normal
Temperate Valley,2019,7,17.27,63.32,83.34,416.43,9.55,1012.82,Normal
Temperate Valley,2019,8,14.37,65.91,82.26,420.04,11.29,1017.93,Normal
Temperate Valley,2019,9,18.53,71.76,63.56,416.64,4.47,1015.13,Normal
Temperate Valley,2019,10,11.25,73.89,44.02,415.23,11.81,1019.59,Drought Risk
Temperate Valley,2019,11,12.68,64.64,76.57,416.82,2.38,1015.52,Normal
Temperate Valley,2019,12,15.46,69.67,89.45,415.59,10.05,1015.19,Drought Risk
Temperate Valley,2020,1,18.35,59.79,57.29,417.07,8.2,1012.16,Normal
Temperate Valley,2020,2,20.87,57.93,97.17,413.99,6.78,1013.29,Normal
Temperate Valley,2020,3,26.55,56.03,106.77,417.48,8.9,1010.07,Normal
Temperate Valley,2020,4,25.28,44.5,143.8,419.11,10.89,1006.58,Normal
Temperate Valley,2020,5,22.89,35.12,123.71,416.75,4.43,1010.03,Normal
Temperate Valley,2020,6,21.21,41.44,123.06,415.74,9.7,1007.15,Normal
Temperate Valley,2020,7,18.37,58.3,101.06,418.38,7.11,1008.39,Heatwave Risk
Temperate Valley,2020,8,12.65,61.5,71.08,416.54,10.19,1014.16,Normal
Temperate Valley,2020,9,11.38,66.99,58.38,418.88,14.57,1014.46,Normal
Temperate Valley,2020,10,12.18,72.56,47.03,416.81,2.58,1015.47,Drought Risk
Temperate Valley,2020,11,11.18,58.3,37.95,415.45,10.04,1018.27,Drought Risk
Temperate Valley,2020,12,13.69,63.44,34.09,416.83,9.4,1017.47,Drought Risk
Temperate Valley,2021,1,15.56,52.51,109.19,424.76,9.73,1012.88,Normal
Temperate Valley,2021,2,17.33,42.87,121.34,419.69,4.13,1011.2,Normal
Temperate Valley,2021,3,23.69,57.01,138.87,423.66,8.03,1009.19,Normal
Temperate Valley,2021,4,26.2,44.13,198.79,421.52,9.33,1010.58,Normal
Temperate Valley,2021,5,26.86,56.09,104.04,424.09,6.81,1009.86,Normal
Temperate Valley,2021,6,18.98,58.16,105.72,420.84,7.01,1016.78,Normal
Temperate Valley,2021,7,21.85,60.28,96.28,419.65,11.87,1012.01,Normal
Temperate Valley,2021,8,14.53,70.87,60.48,420.49,2.47,1017.11,Normal
Temperate Valley,2021,9,16.58,72.99,83.1,418.47,8.83,1013.63,Normal
Temperate Valley,2021,10,11.88,74.63,49.54,417.05,3.4,1012.86,Drought Risk
Temperate Valley,2021,11,13.97,81.04,81.11,415.85,12.97,1019.27,Normal
Temperate Valley,2021,12,12.5,63.18,93.16,421.96,3.42,1016.83,Normal
Temperate Valley,2022,1,20.43,60.11,85.02,423.5,11.41,1016.93,Normal
Temperate Valley,2022,2,22.96,61.49,133.41,421.94,8.31,1010.29,Normal
Temperate Valley,2022,3,21.4,45.61,130.5,421.88,13.04,1009.41,Normal
Temperate Valley,2022,4,26.19,56.48,137.87,422.77,7.15,1012.97,Normal
Temperate Valley,2022,5,24.73,44.2,139.37,425.4,7.37,1010.88,Normal
Temperate Valley,2022,6,22.37,48.78,128.96,417.8,5.81,1014.23,Normal
Temperate Valley,2022,7,19.03,58.17,103.93,421.13,8.04,1014.97,Normal
Temperate Valley,2022,8,14.08,65.24,65.0,417.32,4.78,1019.7,Normal
Temperate Valley,2022,9,13.88,60.72,23.06,421.0,13.46,1015.9,Drought Risk
Temperate Valley,2022,10,14.74,72.11,56.93,417.94,11.28,1016.0,Normal
Temperate Valley,2022,11,14.74,63.78,57.4,422.16,7.46,1017.68,Normal
Temperate Valley,2022,12,14.9,61.11,103.36,423.9,5.34,1016.71,Normal
Temperate Valley,2023,1,20.29,49.78,113.54,419.36,7.26,1014.23,Normal
Temperate Valley,2023,2,22.47,50.04,133.1,420.28,3.6,1010.49,Normal
Temperate Valley,2023,3,26.11,61.4,150.48,417.02,9.72,1012.09,Flood Risk
Temperate Valley,2023,4,25.73,54.71,149.77,419.81,5.87,1003.31,Normal
Temperate Valley,2023,5,24.24,52.46,147.29,416.65,10.26,1015.7,Normal
Temperate Valley,2023,6,21.57,54.63,124.93,425.08,4.42,1011.61,Normal
Temperate Valley,2023,7,16.99,56.72,94.01,423.36,14.3,1014.34,Normal
Temperate Valley,2023,8,14.75,79.96,62.7,418.57,1.79,1019.19,Normal
Temperate Valley,2023,9,14.98,83.17,26.07,423.64,8.25,1018.88,Drought Risk
Temperate Valley,2023,10,9.46,78.81,63.23,419.9,10.26,1014.7,Normal
Temperate Valley,2023,11,12.19,65.88,16.81,422.15,12.17,1014.36,Normal
Temperate Valley,2023,12,16.06,63.41,77.82,418.43,4.91,1018.16,Normal
Temperate Valley,2024,1,18.63,54.44,119.54,429.52,10.54,1016.57,Normal
Temperate Valley,2024,2,20.37,54.24,115.32,424.72,7.08,1015.01,Normal
Temperate Valley,2024,3,24.17,43.26,105.02,432.11,7.68,1007.59,Normal
Temperate Valley,2024,4,24.05,41.14,170.96,426.96,12.79,1009.15,Flood Risk
Temperate Valley,2024,5,26.31,52.88,153.2,429.74,10.18,1010.58,Normal
Temperate Valley,2024,6,21.12,66.49,100.61,427.95,8.05,1012.21,Heatwave Risk
Temperate Valley,2024,7,17.77,61.89,91.62,423.99,8.03,1009.7,Drought Risk
Temperate Valley,2024,8,12.42,65.82,81.01,429.26,9.99,1009.2,Normal
Temperate Valley,2024,9,10.9,80.5,32.92,429.47,5.6,1016.7,Drought Risk
Temperate Valley,2024,10,11.4,73.37,50.24,426.82,4.32,1017.8,Normal
Temperate Valley,2024,11,11.16,71.23,106.39,431.32,10.51,1016.21,Normal
Temperate Valley,2024,12,12.05,57.07,96.91,425.97,5.55,1014.5,Normal
Urban Metro,2015,1,23.91,44.65,55.18,433.05,9.83,1012.3,Normal
Urban Metro,2015,2,26.68,48.58,84.66,434.3,9.65,1013.0,Normal
Urban Metro,2015,3,28.93,41.82,84.68,432.85,10.69,1010.87,Normal
Urban Metro,2015,4,30.82,41.69,105.92,436.74,11.27,1011.73,Heatwave Risk
Urban Metro,2015,5,29.01,49.66,104.88,436.58,8.99,1010.28,Normal
Urban Metro,2015,6,25.68,49.21,144.41,434.06,8.25,1009.66,Normal
Urban Metro,2015,7,23.12,59.27,56.54,433.81,2.44,1010.73,Normal
Urban Metro,2015,8,17.92,58.79,108.49,434.08,2.17,1017.7,Normal
Urban Metro,2015,9,17.5,66.46,34.05,433.42,7.38,1018.74,Drought Risk
Urban Metro,2015,10,17.59,57.02,31.02,431.82,9.39,1011.64,Drought Risk
Urban Metro,2015,11,18.0,63.22,45.75,436.48,7.77,1019.97,Normal
Urban Metro,2015,12,22.66,57.68,71.05,436.88,6.46,1010.97,Drought Risk
Urban Metro,2016,1,25.99,44.38,51.87,437.89,7.75,1007.34,Normal
Urban Metro,2016,2,27.71,33.89,68.59,440.12,14.39,1007.35,Normal
Urban Metro,2016,3,28.63,41.6,135.94,435.51,6.33,1014.18,Normal
Urban Metro,2016,4,29.36,44.33,75.46,436.31,2.19,1005.83,Normal
Urban Metro,2016,5,30.74,41.04,93.93,434.87,7.23,1010.44,Normal
Urban Metro,2016,6,28.8,29.25,70.86,437.14,7.65,1012.21,Normal
Urban Metro,2016,7,24.51,48.17,59.46,436.13,12.02,1010.8,Normal
Urban Metro,2016,8,20.92,56.1,83.71,435.99,11.36,1018.7,Normal
Urban Metro,2016,9,18.72,57.4,33.11,436.1,10.99,1017.16,Drought Risk
Urban Metro,2016,10,18.45,53.25,15.65,442.1,7.38,1014.68,Drought Risk
Urban Metro,2016,11,21.41,60.35,51.25,436.4,6.88,1015.96,Normal
Urban Metro,2016,12,18.54,54.47,58.42,441.37,8.3,1008.0,Normal
Urban Metro,2017,1,25.67,45.13,81.82,436.34,3.26,1011.95,Normal
Urban Metro,2017,2,27.28,33.77,64.52,438.22,6.57,1012.18,Normal
Urban Metro,2017,3,27.12,45.62,76.64,442.3,1.99,1006.26,Normal
Urban Metro,2017,4,30.86,49.99,111.3,439.6,8.06,1005.92,Heatwave Risk
Urban Metro,2017,5,28.43,34.07,74.74,439.2,4.07,1010.49,Normal
Urban Metro,2017,6,24.77,46.78,77.73,441.71,9.13,1014.71,Heatwave Risk
Urban Metro,2017,7,22.75,50.34,50.38,437.16,7.08,1010.82,Heatwave Risk
Urban Metro,2017,8,18.92,46.52,5.71,435.56,10.2,1010.2,Normal
Urban Metro,2017,9,16.45,69.41,26.96,439.0,10.25,1018.45,Drought Risk
Urban Metro,2017,10,15.37,58.61,2.64,444.31,2.42,1013.86,Drought Risk
Urban Metro,2017,11,17.04,49.68,66.74,444.25,6.33,1012.5,Normal
Urban Metro,2017,12,17.09,53.54,46.17,436.57,8.77,1016.19,Normal
Urban Metro,2018,1,22.22,53.99,70.25,440.92,10.77,1008.73,Normal
Urban Metro,2018,2,24.62,40.47,66.37,440.59,9.23,1014.3,Normal
Urban Metro,2018,3,30.11,42.59,124.31,439.88,8.24,1013.98,Heatwave Risk
Urban Metro,2018,4,30.41,38.17,88.24,440.46,12.33,1008.85,Heatwave Risk
Urban Metro,2018,5,31.75,29.52,99.2,438.6,5.46,1016.69,Heatwave Risk
Urban Metro,2018,6,27.08,42.55,88.02,433.7,5.34,1013.95,Normal
Urban Metro,2018,7,23.07,45.03,96.19,442.05,9.81,1011.63,Normal
Urban Metro,2018,8,20.77,50.18,32.6,436.09,5.84,1011.9,Normal
Urban Metro,2018,9,16.19,59.98,44.38,442.96,5.66,1017.35,Normal
Urban Metro,2018,10,18.76,58.48,49.89,440.64,9.15,1016.23,Drought Risk
Urban Metro,2018,11,18.36,50.45,23.57,437.15,4.07,1017.78,Normal
Urban Metro,2018,12,23.36,49.55,58.17,436.12,6.93,1012.93,Normal
Urban Metro,2019,1,25.95,48.53,57.01,437.24,8.89,1015.69,Normal
Urban Metro,2019,2,27.62,58.43,116.1,439.6,6.89,1012.41,Normal
Urban Metro,2019,3,27.82,48.34,107.54,441.01,10.4,1014.7,Normal
Urban Metro,2019,4,30.44,39.32,135.17,442.79,6.88,1009.02,Heatwave Risk
Urban Metro,2019,5,29.68,43.51,73.18,436.51,4.89,1006.64,Normal
Urban Metro,2019,6,25.97,48.81,84.12,440.86,3.71,1009.62,Normal
Urban Metro,2019,7,25.19,53.57,55.51,440.77,15.7,1012.95,Extreme Weather
Urban Metro,2019,8,19.88,53.96,54.34,439.99,7.89,1010.67,Normal
Urban Metro,2019,9,17.2,57.76,36.38,438.95,7.38,1016.65,Normal
Urban Metro,2019,10,19.73,59.4,42.98,439.02,10.0,1018.13,Drought Risk
Urban Metro,2019,11,20.49,62.94,51.46,440.12,8.86,1019.65,Normal
Urban Metro,2019,12,19.96,51.23,56.13,441.41,5.12,1014.78,Normal
Urban Metro,2020,1,23.88,49.06,66.79,445.54,3.74,1010.53,Normal
Urban Metro,2020,2,22.58,42.11,79.59,440.72,11.88,1013.58,Normal
Urban Metro,2020,3,29.61,39.12,120.83,441.95,5.14,1004.39,Normal
Urban Metro,2020,4,29.48,44.53,150.53,442.15,5.32,1005.45,Normal
Urban Metro,2020,5,30.47,30.75,111.32,444.04,9.53,1008.88,Normal
Urban Metro,2020,6,28.29,46.03,71.94,446.62,6.77,1013.33,Normal
Urban Metro,2020,7,19.92,57.66,99.38,442.07,9.96,1014.68,Normal
Urban Metro,2020,8,20.12,58.28,36.33,440.47,11.94,1017.92,Normal
Urban Metro,2020,9,17.81,54.26,26.78,443.83,4.5,1017.53,Drought Risk
Urban Metro,2020,10,19.62,59.47,55.2,441.23,7.25,1014.07,Normal
Urban Metro,2020,11,20.91,54.06,46.68,441.82,4.32,1014.64,Normal
Urban Metro,2020,12,23.77,56.21,32.32,442.76,7.49,1025.36,Normal
Urban Metro,2021,1,26.89,38.95,71.89,450.94,7.59,1007.8,Normal
Urban Metro,2021,2,26.62,53.73,95.02,443.86,5.6,1009.32,Normal
Urban Metro,2021,3,30.18,49.37,121.36,447.1,3.34,1005.55,Heatwave Risk
Urban Metro,2021,4,31.3,31.93,100.49,446.72,4.02,1005.93,Normal
Urban Metro,2021,5,29.36,44.36,121.54,447.48,8.26,1007.3,Normal
Urban Metro,2021,6,25.41,41.93,95.7,446.8,0.65,1008.64,Normal
Urban Metro,2021,7,26.51,50.48,41.66,451.85,7.9,1014.15,Drought Risk
Urban Metro,2021,8,22.06,52.79,37.95,451.26,11.51,1017.47,Normal
Urban Metro,2021,9,20.18,52.64,65.24,443.85,8.99,1011.55,Normal
Urban Metro,2021,10,14.66,61.91,18.82,440.99,9.89,1023.36,Drought Risk
Urban Metro,2021,11,21.64,57.12,39.87,448.18,11.93,1015.43,Drought Risk
Urban Metro,2021,12,21.4,56.8,63.58,445.63,7.58,1019.14,Normal
Urban Metro,2022,1,27.57,47.68,102.46,449.17,19.45,1009.42,Extreme Weather
Urban Metro,2022,2,26.23,47.51,95.44,452.69,5.66,1013.71,Normal
Urban Metro,2022,3,31.76,45.57,81.09,451.33,12.3,1011.33,Normal
Urban Metro,2022,4,30.84,41.36,103.43,449.41,8.11,1006.45,Heatwave Risk
Urban Metro,2022,5,27.78,36.83,104.75,447.74,8.75,1011.04,Normal
Urban Metro,2022,6,26.34,53.79,82.15,446.73,9.69,1005.49,Normal
Urban Metro,2022,7,23.05,55.89,35.25,450.61,13.29,1011.89,Drought Risk
Urban Metro,2022,8,22.0,61.71,43.16,449.98,5.65,1013.57,Normal
Urban Metro,2022,9,17.84,60.72,62.85,447.35,3.55,1013.22,Normal
Urban Metro,2022,10,19.18,71.06,42.87,446.84,10.68,1016.28,Drought Risk
Urban Metro,2022,11,18.59,52.91,67.86,441.46,10.79,1015.07,Normal
Urban Metro,2022,12,20.73,65.15,38.22,446.11,7.54,1016.24,Drought Risk
Urban Metro,2023,1,22.89,57.69,71.5,448.03,7.09,1011.02,Normal
Urban Metro,2023,2,30.47,43.87,78.63,449.64,5.47,1009.22,Heatwave Risk
Urban Metro,2023,3,29.66,41.34,105.5,452.13,9.18,1002.4,Heatwave Risk
Urban Metro,2023,4,31.04,40.23,105.87,447.51,7.9,1008.84,Heatwave Risk
Urban Metro,2023,5,30.75,38.09,81.36,454.46,5.49,1009.84,Heatwave Risk
Urban Metro,2023,6,24.76,45.7,68.84,445.79,11.66,1012.42,Normal
Urban Metro,2023,7,25.47,39.37,106.74,443.92,13.35,1016.06,Extreme Weather
Urban Metro,2023,8,22.49,49.87,55.53,445.72,8.1,1014.25,Normal
Urban Metro,2023,9,15.58,65.39,38.07,445.69,6.04,1017.54,Normal
Urban Metro,2023,10,16.84,46.47,43.14,448.2,7.3,1013.56,Drought Risk
Urban Metro,2023,11,19.41,49.87,19.14,445.02,10.95,1015.38,Drought Risk
Urban Metro,2023,12,20.64,66.73,59.55,447.75,6.71,1013.21,Normal
Urban Metro,2024,1,25.43,48.93,67.26,449.34,2.56,1011.23,Normal
Urban Metro,2024,2,25.58,55.63,105.01,441.99,2.7,1010.6,Normal
Urban Metro,2024,3,28.97,33.39,139.21,448.28,9.66,1007.46,Normal
Urban Metro,2024,4,31.93,37.72,99.33,449.02,2.3,1013.79,Heatwave Risk
Urban Metro,2024,5,30.15,49.03,78.8,445.19,3.93,1010.29,Heatwave Risk
Urban Metro,2024,6,27.75,42.21,67.22,444.33,7.83,1009.6,Normal
Urban Metro,2024,7,23.39,59.28,68.35,450.67,6.13,1013.73,Normal
Urban Metro,2024,8,21.53,44.81,81.07,447.16,10.61,1012.74,Normal
Urban Metro,2024,9,19.13,53.46,64.41,448.27,9.28,1020.54,Normal
Urban Metro,2024,10,20.71,64.59,6.57,445.76,4.49,1019.18,Drought Risk
Urban Metro,2024,11,19.74,50.32,35.91,443.76,7.81,1011.5,Drought Risk
Urban Metro,2024,12,22.58,57.27,90.66,449.62,6.52,1017.45,Normal
